/* members 테이블 데이터 초기화 */
INSERT INTO members (member_id, member_username, member_password, member_name, member_link, member_introduce,
                     member_email, member_phone, member_gender, member_image, follower_count, following_count)
VALUES (1, 'luee1111', 'luee-pwd-1111', 'haneul1111', 'link1111', 'introduce1111', 'luee1111@gmail.com',
        '010-1111-1111', 'PRIVATE',
        'https://instagram-clone-luee-bucket.s3.ap-northeast-2.amazonaws.com/Profile/%EA%B8%B0%EB%B3%B8%EC%9D%B4%EB%AF%B8%EC%A7%80.jpg',
        0, 0);

INSERT INTO members (member_id, member_username, member_password, member_name, member_link, member_introduce,
                     member_email, member_phone, member_gender, member_image, follower_count, following_count)
VALUES (2, 'luee2222', 'luee-pwd-2222', 'haneul2222', 'link2222', 'introduce2222', 'luee2222@gmail.com',
        '010-2222-2222', 'PRIVATE',
        'https://instagram-clone-luee-bucket.s3.ap-northeast-2.amazonaws.com/Profile/%EA%B8%B0%EB%B3%B8%EC%9D%B4%EB%AF%B8%EC%A7%80.jpg',
        0, 0);

INSERT INTO members (member_id, member_username, member_password, member_name, member_link, member_introduce,
                     member_email, member_phone, member_gender, member_image, follower_count, following_count)
VALUES (3, 'luee3333', 'luee-pwd-3333', 'haneul3333', 'link3333', 'introduce3333', 'luee3333@gmail.com',
        '010-3333-3333', 'PRIVATE',
        'https://instagram-clone-luee-bucket.s3.ap-northeast-2.amazonaws.com/Profile/%EA%B8%B0%EB%B3%B8%EC%9D%B4%EB%AF%B8%EC%A7%80.jpg',
        0, 0);

INSERT INTO members (member_id, member_username, member_password, member_name, member_link, member_introduce,
                     member_email, member_phone, member_gender, member_image, follower_count, following_count)
VALUES (4, 'luee4444', 'luee-pwd-4444', 'haneul4444', 'link4444', 'introduce4444', 'luee4444@gmail.com',
        '010-4444-4444', 'PRIVATE',
        'https://instagram-clone-luee-bucket.s3.ap-northeast-2.amazonaws.com/Profile/%EA%B8%B0%EB%B3%B8%EC%9D%B4%EB%AF%B8%EC%A7%80.jpg',
        0, 0);

INSERT INTO members (member_id, member_username, member_password, member_name, member_link, member_introduce,
                     member_email, member_phone, member_gender, member_image, follower_count, following_count)
VALUES (5, 'luee5555', 'luee-pwd-5555', 'haneul5555', 'link5555', 'introduce5555', 'luee5555@gmail.com',
        '010-5555-5555', 'PRIVATE',
        'https://instagram-clone-luee-bucket.s3.ap-northeast-2.amazonaws.com/Profile/%EA%B8%B0%EB%B3%B8%EC%9D%B4%EB%AF%B8%EC%A7%80.jpg',
        0, 0);

INSERT INTO members (member_id, member_username, member_password, member_name, member_link, member_introduce,
                     member_email, member_phone, member_gender, member_image, follower_count, following_count)
VALUES (6, 'luee6666', 'luee-pwd-6666', 'haneul6666', 'link6666', 'introduce6666', 'luee6666@gmail.com',
        '010-6666-6666', 'PRIVATE',
        'https://instagram-clone-luee-bucket.s3.ap-northeast-2.amazonaws.com/Profile/%EA%B8%B0%EB%B3%B8%EC%9D%B4%EB%AF%B8%EC%A7%80.jpg',
        0, 0);

INSERT INTO members (member_id, member_username, member_password, member_name, member_link, member_introduce,
                     member_email, member_phone, member_gender, member_image, follower_count, following_count)
VALUES (7, 'luee7777', 'luee-pwd-7777', 'haneul7777', 'link7777', 'introduce7777', 'luee7777@gmail.com',
        '010-7777-7777', 'PRIVATE',
        'https://instagram-clone-luee-bucket.s3.ap-northeast-2.amazonaws.com/Profile/%EA%B8%B0%EB%B3%B8%EC%9D%B4%EB%AF%B8%EC%A7%80.jpg',
        0, 0);

INSERT INTO members (member_id, member_username, member_password, member_name, member_link, member_introduce,
                     member_email, member_phone, member_gender, member_image, follower_count, following_count)
VALUES (8, 'luee8888', 'luee-pwd-8888', 'haneul8888', 'link8888', 'introduce8888', 'luee8888@gmail.com',
        '010-8888-8888', 'PRIVATE',
        'https://instagram-clone-luee-bucket.s3.ap-northeast-2.amazonaws.com/Profile/%EA%B8%B0%EB%B3%B8%EC%9D%B4%EB%AF%B8%EC%A7%80.jpg',
        0, 0);

INSERT INTO members (member_id, member_username, member_password, member_name, member_link, member_introduce,
                     member_email, member_phone, member_gender, member_image, follower_count, following_count)
VALUES (9, 'luee9999', 'luee-pwd-9999', 'haneul9999', 'link9999', 'introduce9999', 'luee9999@gmail.com',
        '010-9999-9999', 'PRIVATE',
        'https://instagram-clone-luee-bucket.s3.ap-northeast-2.amazonaws.com/Profile/%EA%B8%B0%EB%B3%B8%EC%9D%B4%EB%AF%B8%EC%A7%80.jpg',
        0, 0);

INSERT INTO members (member_id, member_username, member_password, member_name, member_link, member_introduce,
                     member_email, member_phone, member_gender, member_image, follower_count, following_count)
VALUES (10, 'luee10101010', 'luee-pwd-10101010', 'haneul10101010', 'link10101010', 'introduce10101010',
        'luee10101010@gmail.com', '010-10101010-10101010', 'PRIVATE',
        'https://instagram-clone-luee-bucket.s3.ap-northeast-2.amazonaws.com/Profile/%EA%B8%B0%EB%B3%B8%EC%9D%B4%EB%AF%B8%EC%A7%80.jpg',
        0, 0);

INSERT INTO members (member_id, member_username, member_password, member_name, member_link, member_introduce,
                     member_email, member_phone, member_gender, member_image, follower_count, following_count)
VALUES (11, 'luee11111111', 'luee-pwd-11111111', 'haneul11111111', 'link11111111', 'introduce11111111',
        'luee11111111@gmail.com', '010-11111111-11111111', 'PRIVATE',
        'https://instagram-clone-luee-bucket.s3.ap-northeast-2.amazonaws.com/Profile/%EA%B8%B0%EB%B3%B8%EC%9D%B4%EB%AF%B8%EC%A7%80.jpg',
        0, 0);

INSERT INTO members (member_id, member_username, member_password, member_name, member_link, member_introduce,
                     member_email, member_phone, member_gender, member_image, follower_count, following_count)
VALUES (12, 'luee12121212', 'luee-pwd-12121212', 'haneul12121212', 'link12121212', 'introduce12121212',
        'luee12121212@gmail.com', '010-12121212-12121212', 'PRIVATE',
        'https://instagram-clone-luee-bucket.s3.ap-northeast-2.amazonaws.com/Profile/%EA%B8%B0%EB%B3%B8%EC%9D%B4%EB%AF%B8%EC%A7%80.jpg',
        0, 0);

INSERT INTO members (member_id, member_username, member_password, member_name, member_link, member_introduce,
                     member_email, member_phone, member_gender, member_image, follower_count, following_count)
VALUES (13, 'luee13131313', 'luee-pwd-13131313', 'haneul13131313', 'link13131313', 'introduce13131313',
        'luee13131313@gmail.com', '010-13131313-13131313', 'PRIVATE',
        'https://instagram-clone-luee-bucket.s3.ap-northeast-2.amazonaws.com/Profile/%EA%B8%B0%EB%B3%B8%EC%9D%B4%EB%AF%B8%EC%A7%80.jpg',
        0, 0);

INSERT INTO members (member_id, member_username, member_password, member_name, member_link, member_introduce,
                     member_email, member_phone, member_gender, member_image, follower_count, following_count)
VALUES (14, 'luee14141414', 'luee-pwd-14141414', 'haneul14141414', 'link14141414', 'introduce14141414',
        'luee14141414@gmail.com', '010-14141414-14141414', 'PRIVATE',
        'https://instagram-clone-luee-bucket.s3.ap-northeast-2.amazonaws.com/Profile/%EA%B8%B0%EB%B3%B8%EC%9D%B4%EB%AF%B8%EC%A7%80.jpg',
        0, 0);

INSERT INTO members (member_id, member_username, member_password, member_name, member_link, member_introduce,
                     member_email, member_phone, member_gender, member_image, follower_count, following_count)
VALUES (15, 'luee15151515', 'luee-pwd-15151515', 'haneul15151515', 'link15151515', 'introduce15151515',
        'luee15151515@gmail.com', '010-15151515-15151515', 'PRIVATE',
        'https://instagram-clone-luee-bucket.s3.ap-northeast-2.amazonaws.com/Profile/%EA%B8%B0%EB%B3%B8%EC%9D%B4%EB%AF%B8%EC%A7%80.jpg',
        0, 0);

/*
luee1111 - 6개 작성, 1-100/2-120/3-13/10-73/11-120/12-143
luee2222 - 2개 작성, 4-400/5-76
luee3333 - 4개 작성, 6-0/7-57/8-1320/9-198
   */
INSERT INTO posts (post_id, member_id, post_image, post_content, post_like_count)
VALUES (1, 1, 'post1-image-by luee1111', 'post1-content-by luee1111', 100);

INSERT INTO posts (post_id, member_id, post_image, post_content, post_like_count)
VALUES (2, 1, 'post2-image-by luee1111', 'post2-content-by luee1111', 120);

INSERT INTO posts (post_id, member_id, post_image, post_content, post_like_count)
VALUES (3, 1, 'post3-image-by luee1111', 'post3-content-by luee1111', 13);

INSERT INTO posts (post_id, member_id, post_image, post_content, post_like_count)
VALUES (4, 2, 'post4-image-by luee2222', 'post4-content-by luee2222', 400);

INSERT INTO posts (post_id, member_id, post_image, post_content, post_like_count)
VALUES (5, 2, 'post5-image-by luee2222', 'post5-content-by luee2222', 76);

INSERT INTO posts (post_id, member_id, post_image, post_content, post_like_count)
VALUES (6, 3, 'post6-image-by luee3333', 'post6-content-by luee3333', 0);

INSERT INTO posts (post_id, member_id, post_image, post_content, post_like_count)
VALUES (7, 3, 'post7-image-by luee3333', 'post1-content-by luee3333', 57);

INSERT INTO posts (post_id, member_id, post_image, post_content, post_like_count)
VALUES (8, 3, 'post8-image-by luee3333', 'post2-content-by luee3333', 1320);

INSERT INTO posts (post_id, member_id, post_image, post_content, post_like_count)
VALUES (9, 3, 'post9-image-by luee3333', 'post3-content-by luee3333', 198);

INSERT INTO posts (post_id, member_id, post_image, post_content, post_like_count)
VALUES (10, 1, 'post10-image-by luee1111', 'post10-content-by luee1111', 73);

INSERT INTO posts (post_id, member_id, post_image, post_content, post_like_count)
VALUES (11, 1, 'post11-image-by luee1111', 'post11-content-by luee1111', 120);

INSERT INTO posts (post_id, member_id, post_image, post_content, post_like_count)
VALUES (12, 1, 'post12-image-by luee1111', 'post12-content-by luee1111', 143);

/* 해시태그 */

INSERT INTO hashtags (hashtag_id, hashtag_name, hashtag_count)
VALUES (1, 'tag1', 140);

INSERT INTO hashtags (hashtag_id, hashtag_name, hashtag_count)
VALUES (2, 'tag2', 144);

INSERT INTO hashtags (hashtag_id, hashtag_name, hashtag_count)
VALUES (3, 'tag3', 10);

INSERT INTO hashtags (hashtag_id, hashtag_name, hashtag_count)
VALUES (5, 'tag5', 1670);

INSERT INTO hashtags (hashtag_id, hashtag_name, hashtag_count)
VALUES (6, 'tag6', 1410);

INSERT INTO hashtags (hashtag_id, hashtag_name, hashtag_count)
VALUES (7, 'tag7', 74);

/* 검색 */

INSERT INTO searches (search_id, search_count, dtype)
VALUES (1, 50, 'HASHTAG');
INSERT INTO searches (search_id, search_count, dtype)
VALUES (2, 54, 'MEMBER');
INSERT INTO searches (search_id, search_count, dtype)
VALUES (3, 550, 'MEMBER');
INSERT INTO searches (search_id, search_count, dtype)
VALUES (4, 87, 'HASHTAG');
INSERT INTO searches (search_id, search_count, dtype)
VALUES (5, 803, 'MEMBER');
INSERT INTO searches (search_id, search_count, dtype)
VALUES (6, 600, 'MEMBER');
INSERT INTO searches (search_id, search_count, dtype)
VALUES (7, 1040, 'HASHTAG');
INSERT INTO searches (search_id, search_count, dtype)
VALUES (8, 81, 'MEMBER');
INSERT INTO searches (search_id, search_count, dtype)
VALUES (9, 552, 'MEMBER');
INSERT INTO searches (search_id, search_count, dtype)
VALUES (10, 783, 'HASHTAG');
INSERT INTO searches (search_id, search_count, dtype)
VALUES (11, 142, 'MEMBER');
INSERT INTO searches (search_id, search_count, dtype)
VALUES (12, 62, 'HASHTAG');
INSERT INTO searches (search_id, search_count, dtype)
VALUES (13, 77, 'HASHTAG');
INSERT INTO searches (search_id, search_count, dtype)
VALUES (14, 134, 'HASHTAG');
INSERT INTO searches (search_id, search_count, dtype)
VALUES (15, 100, 'MEMBER');
INSERT INTO searches (search_id, search_count, dtype)
VALUES (16, 1321, 'MEMBER');
INSERT INTO searches (search_id, search_count, dtype)
VALUES (17, 562, 'MEMBER');
INSERT INTO searches (search_id, search_count, dtype)
VALUES (18, 82, 'MEMBER');
INSERT INTO searches (search_id, search_count, dtype)
VALUES (19, 1321, 'MEMBER');
INSERT INTO searches (search_id, search_count, dtype)
VALUES (20, 562, 'MEMBER');
INSERT INTO searches (search_id, search_count, dtype)
VALUES (21, 822, 'MEMBER');
INSERT INTO searches (search_id, search_count, dtype)
VALUES (22, 824, 'MEMBER');


/* 검색-해시태그 */

INSERT INTO search_hashtags (search_id, hashtag_id)
VALUES (1, 1);
INSERT INTO search_hashtags (search_id, hashtag_id)
VALUES (4, 2);
INSERT INTO search_hashtags (search_id, hashtag_id)
VALUES (7, 3);
INSERT INTO search_hashtags (search_id, hashtag_id)
VALUES (10, 4);
INSERT INTO search_hashtags (search_id, hashtag_id)
VALUES (12, 5);
INSERT INTO search_hashtags (search_id, hashtag_id)
VALUES (13, 6);
INSERT INTO search_hashtags (search_id, hashtag_id)
VALUES (14, 7);


/* 검색-멤버 */

INSERT INTO search_members (search_id, member_id)
VALUES (2, 1);
INSERT INTO search_members (search_id, member_id)
VALUES (3, 2);
INSERT INTO search_members (search_id, member_id)
VALUES (5, 3);
INSERT INTO search_members (search_id, member_id)
VALUES (6, 4);
INSERT INTO search_members (search_id, member_id)
VALUES (8, 5);
INSERT INTO search_members (search_id, member_id)
VALUES (9, 6);
INSERT INTO search_members (search_id, member_id)
VALUES (11, 7);
INSERT INTO search_members (search_id, member_id)
VALUES (15, 8);
INSERT INTO search_members (search_id, member_id)
VALUES (16, 9);
INSERT INTO search_members (search_id, member_id)
VALUES (17, 10);
INSERT INTO search_members (search_id, member_id)
VALUES (18, 11);
INSERT INTO search_members (search_id, member_id)
VALUES (19, 12);
INSERT INTO search_members (search_id, member_id)
VALUES (20, 13);
INSERT INTO search_members (search_id, member_id)
VALUES (21, 14);
INSERT INTO search_members (search_id, member_id)
VALUES (22, 15);

/* 최근 검색 */

INSERT INTO recent_searches (member_id, search_id, last_searched_date)
VALUES (16, 12, '2023-08-14 09:40:48.748989');
INSERT INTO recent_searches (member_id, search_id, last_searched_date)
VALUES (16, 22, '2023-08-15 09:40:48.748989');
INSERT INTO recent_searches (member_id, search_id, last_searched_date)
VALUES (16, 3, '2023-08-16 09:40:48.748989');
INSERT INTO recent_searches (member_id, search_id, last_searched_date)
VALUES (16, 19, '2023-08-19 09:40:48.748989');

/* 팔로우 */
INSERT INTO follows (follow_id, member_id, follow_member_id)
VALUES (1, 16, 9);
INSERT INTO follows (follow_id, member_id, follow_member_id)
VALUES (2, 16, 12);

/* 알람 */
INSERT INTO alarms (alarm_id, alarm_type, alarm_agent_id, alarm_target_id, follow_id, created_at, modified_at, deleted_at)
VALUES (1, 'FOLLOW', 1, 4, 1, '2023-09-18 08:00:36', null, null);